{
  "name": "list.js",
  "version": "1.5.0",
  "description": "The perfect library for lists. Supports search, sort, filters and flexibility. Built to be invisible and work on existing HTML",
  "keywords": [
    "list",
    "search",
    "sort",
    "table",
    "dom",
    "html",
    "ui"
  ],
  "author": {
    "name": "Jonny Strömberg",
    "email": "jonny.stromberg@gmail.com>",
    "url": "http://javve.com"
  },
  "homepage": "http://listjs.com",
  "repository": "git://github.com/javve/list.js.git",
  "license": "MIT",
  "bugs": {
    "url": "https://github.com/javve/list.js/issues"
  },
  "dependencies": {
    "string-natural-compare": "^2.0.2"
  },
  "devDependencies": {
    "jest": "^18.1.0",
    "jquery": "^1.12.0",
    "jshint": "^2.9.4",
    "jshint-loader": "^0.8.3",
    "webpack": "^2.2.0"
  },
  "main": "src/index",
  "engines": {
    "node": ">= 0.10.21"
  },
  "scripts": {
    "test": "jest"
  },
  "npmName": "list.js",
  "npmFileMap": [
    {
      "basePath": "/dist/",
      "files": [
        "*.js"
      ]
    }
  ],
  "jest": {
    "coverageDirectory": "./coverage/",
    "collectCoverage": true,
    "collectCoverageFrom": ["src/*.js", "src/utils/*.js"]
  }
}
